ID,Titulo,Epica,Nombre epica,Historia,Criterio de aceptacion,Puntos,Requisitos,Unidad,Estado
H-01,[H-01] Consultar el portal público sin registrarme,EP-01,Identidad y permisos,"Como visitante, quiero consultar el portal público sin registrarme, para acceder al conocimiento sin barreras",Todas las vistas públicas responden sin sesión; ningún contenido no publicado es accesible,3,"RF-01, RF-02",Arquitectura (s. 3–4),Todo
H-02,[H-02] Autenticarme con mis credenciales,EP-01,Identidad y permisos,"Como usuario, quiero autenticarme con mis credenciales, para acceder a las funciones restringidas",Autenticación funcional contra el proveedor local de desarrollo; sesión con cookie segura,5,"RF-01, RF-02",Arquitectura (s. 3–4),Todo
H-03,[H-03] Asignar roles a los usuarios,EP-01,Identidad y permisos,"Como administrador funcional, quiero asignar roles a los usuarios, para que cada quien acceda solo a lo que le corresponde",Los siete roles existen y son asignables; el cambio queda en bitácora,3,"RF-01, RF-02",Arquitectura (s. 3–4),Todo
H-04,[H-04] Que la autorización se valide en el servidor,EP-01,Identidad y permisos,"Como equipo, queremos que la autorización se valide en el servidor, para que ocultar un botón no sea el control de acceso",Toda operación valida permiso en la API; la matriz rol-operación tiene pruebas con casos positivos y negativos,5,"RF-01, RF-02",Arquitectura (s. 3–4),Todo
H-05,[H-05] Gestionar mi perfil mínimo,EP-01,Identidad y permisos,"Como usuario autenticado, quiero gestionar mi perfil mínimo, para declarar mi afiliación e intereses","Nombre visible, afiliación, territorio e intereses editables; sin campos sensibles; permite solicitar eliminación",3,"RF-01, RF-02",Arquitectura (s. 3–4),Todo
H-06,[H-06] Que el proveedor de identidad sea sustituible,EP-01,Identidad y permisos,"Como equipo, queremos que el proveedor de identidad sea sustituible, para cambiar al institucional sin reescribir código",El cambio de proveedor se resuelve por variables de entorno; existe implementación local y contrato definido,2,"RF-01, RF-02",Arquitectura (s. 3–4),Todo
H-07,[H-07] Crear una iniciativa en borrador,EP-02,Iniciativas y flujo editorial,"Como autor, quiero crear una iniciativa en borrador, para registrarla sin publicarla todavía",Se guarda con estado borrador; visible solo para su autor y revisores,5,"RF-03, RF-04",Construcción (s. 5–8),Todo
H-08,"[H-08] Clasificar la iniciativa por tema, territorio y población",EP-02,Iniciativas y flujo editorial,"Como autor, quiero clasificar la iniciativa por tema, territorio y población, para que sea encontrable",Los catálogos controlados se aplican; no se admiten valores libres,3,"RF-03, RF-04",Construcción (s. 5–8),Todo
H-09,[H-09] Guardar el borrador de forma incremental,EP-02,Iniciativas y flujo editorial,"Como autor, quiero guardar el borrador de forma incremental, para no perder el trabajo",El formulario conserva lo escrito ante recarga o pérdida de conexión,3,"RF-03, RF-04",Construcción (s. 5–8),Todo
H-10,[H-10] Enviar la iniciativa a revisión,EP-02,Iniciativas y flujo editorial,"Como autor, quiero enviar la iniciativa a revisión, para que un revisor la evalúe",La transición exige permiso y queda registrada con fecha y usuario,3,"RF-03, RF-04",Construcción (s. 5–8),Todo
H-11,[H-11] Ver la bandeja de pendientes,EP-02,Iniciativas y flujo editorial,"Como revisor, quiero ver la bandeja de pendientes, para saber qué me toca revisar",Lista filtrable por estado y fecha de envío,3,"RF-03, RF-04",Construcción (s. 5–8),Todo
H-12,[H-12] Devolver una iniciativa con observaciones,EP-02,Iniciativas y flujo editorial,"Como revisor, quiero devolver una iniciativa con observaciones, para que el autor la corrija",La devolución exige comentario obligatorio; el autor lo recibe,3,"RF-03, RF-04",Construcción (s. 5–8),Todo
H-13,[H-13] Aprobar y publicar una iniciativa,EP-02,Iniciativas y flujo editorial,"Como revisor, quiero aprobar y publicar una iniciativa, para que quede visible al público",Aprobación y publicación son transiciones distintas y auditadas; nadie publica contenido propio,5,"RF-03, RF-04",Construcción (s. 5–8),Todo
H-14,[H-14] Que las transiciones válidas sean configurables,EP-02,Iniciativas y flujo editorial,"Como equipo, queremos que las transiciones válidas sean configurables, para cambiar el flujo sin tocar código",El flujo se lee de la tabla de transiciones; una transición no declarada es rechazada,5,"RF-03, RF-04",Construcción (s. 5–8),Todo
H-15,[H-15] Ver la ficha pública de una iniciativa,EP-02,Iniciativas y flujo editorial,"Como visitante, quiero ver la ficha pública de una iniciativa, para conocer su alcance y resultados","Muestra metadatos, actores, territorios, recursos y resultados; no expone datos internos",4,"RF-03, RF-04",Construcción (s. 5–8),Todo
H-16,[H-16] Cargar un documento o multimedia,EP-03,Recursos y archivos,"Como autor, quiero cargar un documento o multimedia, para adjuntarlo a una iniciativa",Valida tipo y tamaño; nombre aleatorio; almacenamiento fuera del directorio ejecutable,5,RF-05,Construcción (s. 5–8),Todo
H-17,[H-17] Registrar un recurso como enlace externo,EP-03,Recursos y archivos,"Como autor, quiero registrar un recurso como enlace externo, para referenciar material que no alojamos","Un recurso es archivo o enlace, nunca ambos",2,RF-05,Construcción (s. 5–8),Todo
H-18,[H-18] Registrar la licencia o autorización del recurso,EP-03,Recursos y archivos,"Como autor, quiero registrar la licencia o autorización del recurso, para dejar constancia de su uso legítimo",Campo obligatorio antes de enviar a revisión,3,RF-05,Construcción (s. 5–8),Todo
H-19,[H-19] Versionar los recursos,EP-03,Recursos y archivos,"Como equipo, queremos versionar los recursos, para conservar el historial de cambios",Cada actualización crea versión nueva; las anteriores permanecen consultables,5,RF-05,Construcción (s. 5–8),Todo
H-20,[H-20] Descargar un recurso público,EP-03,Recursos y archivos,"Como visitante, quiero descargar un recurso público, para usar el material",La descarga respeta la visibilidad; el contenido restringido usa URL firmada de vigencia corta,3,RF-05,Construcción (s. 5–8),Todo
H-21,[H-21] Que un recurso no publicado no sea descargable,EP-03,Recursos y archivos,"Como administrador, quiero que un recurso no publicado no sea descargable, para evitar fugas de material en revisión",Un recurso en borrador devuelve acceso denegado aunque se conozca la URL,3,RF-05,Construcción (s. 5–8),Todo
H-22,[H-22] Crear la ficha de un curso,EP-04,Catálogo educativo,"Como gestor académico, quiero crear la ficha de un curso, para publicar la oferta formativa","Ficha con tema, audiencia, modalidad, duración, fechas y estado de la oferta",5,RF-06,Construcción (s. 5–8),Todo
H-23,[H-23] Enlazar la ficha con el curso en Moodle,EP-04,Catálogo educativo,"Como gestor académico, quiero enlazar la ficha con el curso en Moodle, para que el visitante llegue al aula correcta",El enlace se verifica contra la instancia al guardar; un identificador inexistente o duplicado se rechaza,5,RF-06,Construcción (s. 5–8),Todo
H-24,[H-24] Detectar cursos huérfanos,EP-04,Catálogo educativo,"Como equipo, queremos detectar cursos huérfanos, para que el catálogo no enlace a aulas eliminadas",La conciliación marca el enlace como huérfano y lo reporta al panel,3,RF-06,Construcción (s. 5–8),Todo
H-25,[H-25] Registrar una instrucción de acceso alternativa,EP-04,Catálogo educativo,"Como gestor académico, quiero registrar una instrucción de acceso alternativa, para los cursos sin enlace directo",Un curso publicado siempre lleva al aula o explica cómo acceder,3,RF-06,Construcción (s. 5–8),Todo
H-26,[H-26] Ver el catálogo y abrir un curso,EP-04,Catálogo educativo,"Como visitante, quiero ver el catálogo y abrir un curso, para inscribirme en la oferta","El enlace abre el curso correcto; si falla, se muestra la instrucción de acceso",3,RF-06,Construcción (s. 5–8),Todo
H-27,[H-27] Que el catálogo funcione aunque el LMS esté caído,EP-04,Catálogo educativo,"Como equipo, queremos que el catálogo funcione aunque el LMS esté caído, para no depender de su disponibilidad",El catálogo se sirve desde la base local; nunca consulta el LMS en vivo al renderizar,2,RF-06,Construcción (s. 5–8),Todo
H-28,[H-28] Buscar por texto,EP-05,Búsqueda y filtros,"Como visitante, quiero buscar por texto, para encontrar contenido sin navegar por menús","Busca en iniciativas, recursos y cursos publicados; ignora tildes y reconoce raíces en español",5,RF-10,Construcción (s. 5–8),Todo
H-29,"[H-29] Filtrar por tipo, tema, territorio, población y fecha",EP-05,Búsqueda y filtros,"Como visitante, quiero filtrar por tipo, tema, territorio, población y fecha, para acotar resultados",Los filtros se combinan; hay opción de limpiar criterios,3,RF-10,Construcción (s. 5–8),Todo
H-30,[H-30] Resultados paginados y ordenados,EP-05,Búsqueda y filtros,"Como visitante, quiero resultados paginados y ordenados, para recorrer grandes volúmenes",Paginación estable; el orden no cambia entre páginas,3,RF-10,Construcción (s. 5–8),Todo
H-31,[H-31] Entender cuándo no hay resultados,EP-05,Búsqueda y filtros,"Como visitante, quiero entender cuándo no hay resultados, para saber qué hacer","Estado vacío con explicación y sugerencia, no una página en blanco",2,RF-10,Construcción (s. 5–8),Todo
H-32,[H-32] Un panel con pendientes y actividad reciente,EP-06,Administración y auditoría,"Como administrador funcional, quiero un panel con pendientes y actividad reciente, para dirigir el trabajo editorial","Muestra pendientes de revisión, publicaciones recientes y contenidos próximos a vencer",5,"RF-11, RF-14, RF-15",Validación (s. 9–10),Todo
H-33,[H-33] Ver los errores de integración,EP-06,Administración y auditoría,"Como administrador funcional, quiero ver los errores de integración, para detectar fallos con sistemas externos",Lista los fallos registrados con su código de error y momento,3,"RF-11, RF-14, RF-15",Validación (s. 9–10),Todo
H-34,[H-34] Gestionar taxonomías,EP-06,Administración y auditoría,"Como administrador funcional, quiero gestionar taxonomías, para mantener los catálogos sin pedir cambios de código","Temas, territorios, poblaciones, tipos y etiquetas editables, con validación de duplicados y uso",5,"RF-11, RF-14, RF-15",Validación (s. 9–10),Todo
H-35,[H-35] Consultar la bitácora,EP-06,Administración y auditoría,"Como auditor, quiero consultar la bitácora, para reconstruir quién hizo qué y cuándo","Registra actor, acción, objeto, fecha y origen; filtrable; no editable desde la aplicación",5,"RF-11, RF-14, RF-15",Validación (s. 9–10),Todo
H-36,[H-36] Que la bitácora sea inalterable,EP-06,Administración y auditoría,"Como equipo, queremos que la bitácora sea inalterable, para que sirva como evidencia",El rol de aplicación no tiene privilegios de modificación ni borrado sobre la bitácora,3,"RF-11, RF-14, RF-15",Validación (s. 9–10),Todo
H-37,[H-37] Publicar un evento o noticia con vigencia,EP-07,Agenda y noticias,"Como autor, quiero publicar un evento o noticia con vigencia, para difundir convocatorias",Publicación programable con fecha de expiración,5,RF-07,Consolidación (s. 11–12),Todo
H-38,[H-38] Ver solo lo vigente,EP-07,Agenda y noticias,"Como visitante, quiero ver solo lo vigente, para no encontrar convocatorias cerradas",Lo vencido deja de aparecer como vigente pero permanece trazable en administración,3,RF-07,Consolidación (s. 11–12),Todo
H-39,[H-39] Registrar instituciones y organizaciones,EP-08,Actores y redes,"Como administrador, quiero registrar instituciones y organizaciones, para construir el directorio","Ficha con tipo, capacidades, territorio y contacto público autorizado",5,RF-08,Consolidación (s. 11–12),Todo
H-40,[H-40] Vincular actores a una iniciativa,EP-08,Actores y redes,"Como autor, quiero vincular actores a una iniciativa, para reflejar quién participa",Relación con tipo de vínculo; visible en ambas fichas,3,RF-08,Consolidación (s. 11–12),Todo
H-41,[H-41] Ver las iniciativas y alianzas de un actor,EP-08,Actores y redes,"Como visitante, quiero ver las iniciativas y alianzas de un actor, para entender su trayectoria",La ficha muestra vínculos sin exponer información privada,5,RF-08,Consolidación (s. 11–12),Todo
H-42,[H-42] Configurar una consulta con preguntas y vigencia,EP-09,Participación moderada,"Como administrador, quiero configurar una consulta con preguntas y vigencia, para abrir participación","Consulta con preguntas, fechas, aviso de privacidad y consentimiento",5,RF-09,Consolidación (s. 11–12),Todo
H-43,[H-43] Leer el propósito y aceptar el consentimiento antes de aportar,EP-09,Participación moderada,"Como participante, quiero leer el propósito y aceptar el consentimiento antes de aportar, para saber qué pasa con mis datos",Sin aceptación explícita no se admite el aporte; queda evidencia,5,RF-09,Consolidación (s. 11–12),Todo
H-44,[H-44] Recibir un identificador de mi aporte,EP-09,Participación moderada,"Como participante, quiero recibir un identificador de mi aporte, para poder referirme a él",Se entrega identificador al enviar,2,RF-09,Consolidación (s. 11–12),Todo
H-45,[H-45] Revisar los aportes antes de publicarlos,EP-09,Participación moderada,"Como moderador, quiero revisar los aportes antes de publicarlos, para evitar contenido inadecuado",Ningún aporte se publica sin aprobación; la restricción está en la base de datos,5,RF-09,Consolidación (s. 11–12),Todo
H-46,[H-46] Exportar resultados anonimizados,EP-09,Participación moderada,"Como administrador, quiero exportar resultados anonimizados, para analizar la participación",La exportación no incluye identidad de los participantes,4,RF-09,Consolidación (s. 11–12),Todo
H-47,[H-47] Registrar eventos de uso anónimos,EP-10,Analítica y exportación,"Como equipo, queremos registrar eventos de uso anónimos, para medir sin vigilar","Registra visitas, búsquedas, publicaciones y accesos a cursos; sin identidad de persona",5,RF-12,Consolidación (s. 11–12),Todo
H-48,[H-48] Ver indicadores agregados,EP-10,Analítica y exportación,"Como administrador, quiero ver indicadores agregados, para reportar el uso de la plataforma","Métricas por periodo y dimensión, con origen rastreable",5,RF-12,Consolidación (s. 11–12),Todo
H-49,[H-49] Exportar a CSV,EP-10,Analítica y exportación,"Como administrador, quiero exportar a CSV, para analizar fuera de la plataforma",Respeta filtros y permisos; sin secretos ni datos sensibles,3,RF-12,Consolidación (s. 11–12),Todo
H-50,[H-50] Recibir aviso cuando mi contenido se devuelve o publica,EP-11,Notificaciones,"Como autor, quiero recibir aviso cuando mi contenido se devuelve o publica, para saber en qué va","Aviso en envío, devolución, aprobación, publicación y cierre de consulta",5,RF-13,Consolidación (s. 11–12),Todo
H-51,[H-51] Probar los envíos sin correo real,EP-11,Notificaciones,"Como equipo, queremos probar los envíos sin correo real, para no enviar mensajes de prueba a nadie",Servidor SMTP simulado en contenedor; el registro no guarda contenido sensible,3,RF-13,Consolidación (s. 11–12),Todo
H-52,[H-52] Conectar el proveedor de identidad institucional,EP-12,Integraciones reales,"Como equipo, queremos conectar el proveedor de identidad institucional, para que los usuarios entren con su cuenta","Autenticación contra el proveedor real sin cambios de código, solo configuración",5,Identidad / Moodle / correo,Consolidación (s. 11–12),Todo
H-53,[H-53] Leer el catálogo de cursos desde Moodle,EP-12,Integraciones reales,"Como equipo, queremos leer el catálogo de cursos desde Moodle, para reducir la carga manual del gestor",Importa fichas como borrador; nunca sobrescribe contenido editorial,5,Identidad / Moodle / correo,Consolidación (s. 11–12),Todo
H-54,[H-54] Enviar correo por el servidor institucional,EP-12,Integraciones reales,"Como equipo, queremos enviar correo por el servidor institucional, para que las notificaciones lleguen de verdad",Envío real verificado en el piloto,3,Identidad / Moodle / correo,Consolidación (s. 11–12),Todo
